{
  "project_info": {
    "project_number": "986541805675",
    "project_id": "uninstalls-testing",
    "storage_bucket": "uninstalls-testing.appspot.com"
  },
  "client": [
    {
      "client_info": {
        "mobilesdk_app_id": "1:986541805675:android:a7e48686d4ac578b58a12e",
        "android_client_info": {
          "package_name": "com.aftestapp.aftestapp"
        }
      },
      "oauth_client": [
        {
          "client_id": "986541805675-t2c0lm6q4r9a825fdoplfq6ij779n6r8.apps.googleusercontent.com",
          "client_type": 3
        }
      ],
      "api_key": [
        {
          "current_key": "AIzaSyAaWSecuHJYCn0X8bAXD6ZTxr78zJcYlUY"
        }
      ],
      "services": {
        "appinvite_service": {
          "other_platform_oauth_client": [
            {
              "client_id": "986541805675-t2c0lm6q4r9a825fdoplfq6ij779n6r8.apps.googleusercontent.com",
              "client_type": 3
            }
          ]
        }
      }
    }
  ],
  "configuration_version": "1"
}